date,nb_views,nb_votes
2007-08-07,74199,108
2007-08-08,,
2007-08-09,183552,806
2007-08-10,,
2007-08-11,,
2007-08-12,,
2007-08-13,,
2007-08-14,,
2007-08-15,,
2007-08-16,,
2007-08-17,,
2007-08-18,,
2007-08-19,,
2007-08-20,,
2007-08-21,,
2007-08-22,,
2007-08-23,,
2007-08-24,,
2007-08-25,,
2007-08-26,,
2007-08-27,,
2007-08-28,,
2007-08-29,,
2007-08-30,27885,58
2007-08-31,,
2007-09-01,131165,359
2007-09-02,,
2007-09-03,,
2007-09-04,,
2007-09-05,,
2007-09-06,,
2007-09-07,,
2007-09-08,,
2007-09-09,,
2007-09-10,98478,362
2007-09-11,,
2007-09-12,64138,129
2007-09-13,,
2007-09-14,,
2007-09-15,,
2007-09-16,,
2007-09-17,,
2007-09-18,,
2007-09-19,,
2007-09-20,,
2007-09-21,,
2007-09-22,,
2007-09-23,,
2007-09-24,,
2007-09-25,,
2007-09-26,,
2007-09-27,,
2007-09-28,,
2007-09-29,,
2007-09-30,332382,852
2007-10-01,,
2007-10-02,,
2007-10-03,,
2007-10-04,,
2007-10-05,,
2007-10-06,,
2007-10-07,,
2007-10-08,210890,280
2007-10-09,,
2007-10-10,,
2007-10-11,,
2007-10-12,,
2007-10-13,,
2007-10-14,,
2007-10-15,,
2007-10-16,,
2007-10-17,,
2007-10-18,,
2007-10-19,,
2007-10-20,,
2007-10-21,,
2007-10-22,,
2007-10-23,,
2007-10-24,,
2007-10-25,,
2007-10-26,,
2007-10-27,,
2007-10-28,,
2007-10-29,,
2007-10-30,,
2007-10-31,,
2007-11-01,1390731,1898
2007-11-02,,
2007-11-03,,
2007-11-04,,
2007-11-05,,
2007-11-06,,
2007-11-07,,
2007-11-08,92875,173
2007-11-09,,
2007-11-10,,
2007-11-11,,
2007-11-12,,
2007-11-13,,
2007-11-14,,
2007-11-15,,
2007-11-16,,
2007-11-17,,
2007-11-18,,
2007-11-19,30587,53
2007-11-20,28630,107
2007-11-21,,
2007-11-22,,
2007-11-23,,
2007-11-24,60774,116
2007-11-25,,
2007-11-26,,
2007-11-27,,
2007-11-28,1036197,1302
2007-11-29,,
2007-11-30,81718,138
2007-12-01,,
2007-12-02,,
2007-12-03,,
2007-12-04,,
2007-12-05,,
2007-12-06,,
2007-12-07,48121,123
2007-12-08,,
2007-12-09,,
2007-12-10,,
2007-12-11,,
2007-12-12,,
2007-12-13,,
2007-12-14,,
2007-12-15,,
2007-12-16,,
2007-12-17,,
2007-12-18,43400,87
2007-12-19,43578,254
2007-12-20,,
2007-12-21,,
2007-12-22,,
2007-12-23,,
2007-12-24,,
2007-12-25,,
2007-12-26,,
2007-12-27,,
2007-12-28,,
2007-12-29,,
2007-12-30,,
2007-12-31,,
2008-01-01,,
2008-01-02,,
2008-01-03,,
2008-01-04,49517,99
2008-01-05,,
2008-01-06,,
2008-01-07,,
2008-01-08,,
2008-01-09,,
2008-01-10,,
2008-01-11,,
2008-01-12,,
2008-01-13,,
2008-01-14,,
2008-01-15,,
2008-01-16,,
2008-01-17,22939,96
2008-01-18,,
2008-01-19,,
2008-01-20,,
2008-01-21,,
2008-01-22,,
2008-01-23,,
2008-01-24,,
2008-01-25,810932,1184
2008-01-26,,
2008-01-27,,
2008-01-28,,
2008-01-29,409659,799
2008-01-30,,
2008-01-31,,
2008-02-01,,
2008-02-02,,
2008-02-03,,
2008-02-04,,
2008-02-05,,
2008-02-06,,
2008-02-07,,
2008-02-08,,
2008-02-09,,
2008-02-10,,
2008-02-11,,
2008-02-12,,
2008-02-13,30896,90
2008-02-14,,
2008-02-15,79572,132
2008-02-16,,
2008-02-17,,
2008-02-18,82126,222
2008-02-19,,
2008-02-20,,
2008-02-21,,
2008-02-22,203194,486
2008-02-23,105176,209
2008-02-24,,
2008-02-25,,
2008-02-26,,
2008-02-27,,
2008-02-28,224306,407
2008-02-29,,
2008-03-01,,
2008-03-02,,
2008-03-03,,
2008-03-04,,
2008-03-05,,
2008-03-06,34669,128
2008-03-07,,
2008-03-08,,
2008-03-09,38943,101
2008-03-10,26110,125
2008-03-11,,
2008-03-12,,
2008-03-13,,
2008-03-14,,
2008-03-15,,
2008-03-16,31430,64
2008-03-17,310292,742
2008-03-18,,
2008-03-19,,
2008-03-20,,
2008-03-21,,
2008-03-22,,
2008-03-23,,
2008-03-24,,
2008-03-25,,
2008-03-26,231146,465
2008-03-27,,
2008-03-28,,
2008-03-29,144288,290
2008-03-30,,
2008-03-31,,
2008-04-01,,
2008-04-02,,
2008-04-03,,
2008-04-04,,
2008-04-05,,
2008-04-06,,
2008-04-07,,
2008-04-08,15605,82
2008-04-09,,
2008-04-10,,
2008-04-11,33272,71
2008-04-12,818910,494
2008-04-13,176440,339
2008-04-14,372469,614
2008-04-15,130413,173
2008-04-16,49382,100
2008-04-17,,
2008-04-18,39248,87
2008-04-19,,
2008-04-20,38550,106
2008-04-21,37335,87
2008-04-22,,
2008-04-23,,
2008-04-24,,
2008-04-25,,
2008-04-26,,
2008-04-27,,
2008-04-28,,
2008-04-29,,
2008-04-30,,
2008-05-01,,
2008-05-02,339223,524
2008-05-03,,
2008-05-04,,
2008-05-05,64115,147
2008-05-06,31559,88
2008-05-07,,
2008-05-08,237371,356
2008-05-09,,
2008-05-10,,
2008-05-11,,
2008-05-12,,
2008-05-13,,
2008-05-14,,
2008-05-15,29457,53
2008-05-16,,
2008-05-17,150998,264
2008-05-18,,
2008-05-19,,
2008-05-20,,
2008-05-21,,
2008-05-22,,
2008-05-23,,
2008-05-24,,
2008-05-25,,
2008-05-26,,
2008-05-27,,
2008-05-28,60579,132
2008-05-29,,
2008-05-30,,
2008-05-31,,
2008-06-01,29709,90
2008-06-02,,
2008-06-03,,
2008-06-04,,
2008-06-05,,
2008-06-06,,
2008-06-07,,
2008-06-08,,
2008-06-09,,
2008-06-10,,
2008-06-11,170926,366
2008-06-12,135406,176
2008-06-13,,
2008-06-14,,
2008-06-15,,
2008-06-16,,
2008-06-17,,
2008-06-18,,
2008-06-19,260045,436
2008-06-20,,
2008-06-21,,
2008-06-22,264838,510
2008-06-23,,
2008-06-24,,
2008-06-25,,
2008-06-26,101414,173
2008-06-27,,
2008-06-28,300800,639
2008-06-29,,
2008-06-30,,
2008-07-01,,
2008-07-02,,
2008-07-03,32736,89
2008-07-04,,
2008-07-05,58921,135
2008-07-06,,
2008-07-07,,
2008-07-08,,
2008-07-09,,
2008-07-10,30817,83
2008-07-11,,
2008-07-12,,
2008-07-13,,
2008-07-14,,
2008-07-15,,
2008-07-16,101760,228
2008-07-17,,
2008-07-18,,
2008-07-19,86519,95
2008-07-20,,
2008-07-21,,
2008-07-22,234510,548
2008-07-23,,
2008-07-24,,
2008-07-25,213127,306
2008-07-26,,
2008-07-27,,
2008-07-28,678296,2637
2008-07-29,451978,1925
2008-07-30,,
2008-07-31,,
2008-08-01,928619,1981
2008-08-02,,
2008-08-03,340082,1758
2008-08-04,18674,80
2008-08-05,,
2008-08-06,,
2008-08-07,,
2008-08-08,,
2008-08-09,,
2008-08-10,,
2008-08-11,23261,45
2008-08-12,,
2008-08-13,,
2008-08-14,,
2008-08-15,,
2008-08-16,,
2008-08-17,48442,150
2008-08-18,1141580,1341
2008-08-19,,
2008-08-20,299810,710
2008-08-21,,
2008-08-22,20236,49
2008-08-23,9529,26
2008-08-24,100436,144
2008-08-25,75155,175
2008-08-26,,
2008-08-27,56941,107
2008-08-28,218465,388
2008-08-29,123329,579
2008-08-30,20905,49
2008-08-31,,
2008-09-01,386122,586
2008-09-02,44168,150
2008-09-03,,
2008-09-04,420700,537
2008-09-05,279434,504
2008-09-06,,
2008-09-07,,
2008-09-08,,
2008-09-09,,
2008-09-10,34095,66
2008-09-11,125887,299
2008-09-12,8604,28
2008-09-13,617465,1136
2008-09-14,,
2008-09-15,110560,164
2008-09-16,,
2008-09-17,,
2008-09-18,,
2008-09-19,,
2008-09-20,,
2008-09-21,,
2008-09-22,,
2008-09-23,236023,319
2008-09-24,,
2008-09-25,,
2008-09-26,,
2008-09-27,,
2008-09-28,,
2008-09-29,,
2008-09-30,141612,223
2008-10-01,128553,272
2008-10-02,,
2008-10-03,110842,221
2008-10-04,,
2008-10-05,,
2008-10-06,141360,308
2008-10-07,,
2008-10-08,9041,38
2008-10-09,,
2008-10-10,,
2008-10-11,,
2008-10-12,,
2008-10-13,,
2008-10-14,,
2008-10-15,,
2008-10-16,,
2008-10-17,99262,530
2008-10-18,258864,508
2008-10-19,,
2008-10-20,,
2008-10-21,,
2008-10-22,,
2008-10-23,,
2008-10-24,1191080,1810
2008-10-25,,
2008-10-26,,
2008-10-27,,
2008-10-28,,
2008-10-29,27961,52
2008-10-30,,
2008-10-31,30020,98
2008-11-01,,
2008-11-02,,
2008-11-03,77787,212
2008-11-04,,
2008-11-05,,
2008-11-06,,
2008-11-07,,
2008-11-08,19883,49
2008-11-09,,
2008-11-10,,
2008-11-11,84079,204
2008-11-12,,
2008-11-13,73215,172
2008-11-14,875982,1990
2008-11-15,,
2008-11-16,,
2008-11-17,,
2008-11-18,,
2008-11-19,204671,634
2008-11-20,,
2008-11-21,,
2008-11-22,,
2008-11-23,,
2008-11-24,,
2008-11-25,,
2008-11-26,,
2008-11-27,,
2008-11-28,561904,647
2008-11-29,,
2008-11-30,251839,503
2008-12-01,,
2008-12-02,,
2008-12-03,,
2008-12-04,,
2008-12-05,,
2008-12-06,23309,45
2008-12-07,,
2008-12-08,,
2008-12-09,,
2008-12-10,,
2008-12-11,,
2008-12-12,,
2008-12-13,,
2008-12-14,,
2008-12-15,1270908,2262
2008-12-16,,
2008-12-17,,
2008-12-18,,
2008-12-19,,
2008-12-20,,
2008-12-21,315683,497
2008-12-22,,
2008-12-23,,
2008-12-24,,
2008-12-25,44137,407
2008-12-26,13283,54
2008-12-27,,
2008-12-28,,
2008-12-29,,
2008-12-30,34001,109
2008-12-31,,
2009-01-01,,
2009-01-02,236185,348
2009-01-03,127917,303
2009-01-04,77283,143
2009-01-05,288434,753
2009-01-06,,
2009-01-07,,
2009-01-08,,
2009-01-09,,
2009-01-10,,
2009-01-11,,
2009-01-12,167605,580
2009-01-13,,
2009-01-14,,
2009-01-15,,
2009-01-16,,
2009-01-17,,
2009-01-18,244354,416
2009-01-19,,
2009-01-20,,
2009-01-21,,
2009-01-22,80522,201
2009-01-23,,
2009-01-24,,
2009-01-25,,
2009-01-26,,
2009-01-27,,
2009-01-28,,
2009-01-29,195560,313
2009-01-30,,
2009-01-31,25054,76
2009-02-01,112940,124
2009-02-02,,
2009-02-03,,
2009-02-04,,
2009-02-05,,
2009-02-06,1461778,2784
2009-02-07,36029,43
2009-02-08,,
2009-02-09,30925,50
2009-02-10,,
2009-02-11,,
2009-02-12,160970,414
2009-02-13,169981,400
2009-02-14,123302,113
2009-02-15,,
2009-02-16,,
2009-02-17,,
2009-02-18,,
2009-02-19,,
2009-02-20,,
2009-02-21,,
2009-02-22,265778,528
2009-02-23,,
2009-02-24,,
2009-02-25,,
2009-02-26,15971,39
2009-02-27,,
2009-02-28,,
2009-03-01,,
2009-03-02,,
2009-03-03,,
2009-03-04,211908,439
2009-03-05,,
2009-03-06,,
2009-03-07,,
2009-03-08,,
2009-03-09,,
2009-03-10,,
2009-03-11,,
2009-03-12,,
2009-03-13,168198,290
2009-03-14,71267,104
2009-03-15,246060,506
2009-03-16,48275,69
2009-03-17,246786,457
2009-03-18,67904,120
2009-03-19,,
2009-03-20,,
2009-03-21,,
2009-03-22,,
2009-03-23,143421,280
2009-03-24,116254,398
2009-03-25,104032,356
2009-03-26,,
2009-03-27,,
2009-03-28,89329,696
2009-03-29,151193,452
2009-03-30,,
2009-03-31,,
2009-04-01,77005,241
2009-04-02,544440,986
2009-04-03,,
2009-04-04,104326,205
2009-04-05,50690,116
2009-04-06,,
2009-04-07,11901,31
2009-04-08,,
2009-04-09,,
2009-04-10,,
2009-04-11,109832,193
2009-04-12,114370,282
2009-04-13,691254,1707
2009-04-14,134190,248
2009-04-15,271571,374
2009-04-16,,
2009-04-17,86474,173
2009-04-18,,
2009-04-19,56100,129
2009-04-20,299892,377
2009-04-21,29404,50
2009-04-22,,
2009-04-23,390738,779
2009-04-24,,
2009-04-25,,
2009-04-26,,
2009-04-27,260207,348
2009-04-28,,
2009-04-29,92771,195
2009-04-30,439892,680
2009-05-01,241834,668
2009-05-02,,
2009-05-03,,
2009-05-04,,
2009-05-05,,
2009-05-06,835304,2629
2009-05-07,343178,406
2009-05-08,,
2009-05-09,,
2009-05-10,66818,85
2009-05-11,444130,1194
2009-05-12,,
2009-05-13,523565,1087
2009-05-14,,
2009-05-15,258755,653
2009-05-16,1040412,2138
2009-05-17,,
2009-05-18,35284,45
2009-05-19,211536,380
2009-05-20,96626,182
2009-05-21,637816,1814
2009-05-22,,
2009-05-23,192509,413
2009-05-24,161034,270
2009-05-25,,
2009-05-26,,
2009-05-27,121497,166
2009-05-28,206534,462
2009-05-29,,
2009-05-30,,
2009-05-31,55763,120
2009-06-01,,
2009-06-02,,
2009-06-03,161112,257
2009-06-04,44649,91
2009-06-05,,
2009-06-06,274119,414
2009-06-07,210855,580
2009-06-08,121685,250
2009-06-09,,
2009-06-10,,
2009-06-11,200782,362
2009-06-12,593669,494
2009-06-13,79696,126
2009-06-14,,
2009-06-15,,
2009-06-16,,
2009-06-17,36153,78
2009-06-18,34561,60
2009-06-19,141232,456
2009-06-20,,
2009-06-21,63821,110
2009-06-22,,
2009-06-23,,
2009-06-24,107806,181
2009-06-25,11290,31
2009-06-26,,
2009-06-27,26059,42
2009-06-28,,
2009-06-29,,
2009-06-30,,
2009-07-01,,
2009-07-02,98674,265
2009-07-03,170900,548
2009-07-04,,
2009-07-05,318593,521
2009-07-06,89914,239
2009-07-07,,
2009-07-08,,
2009-07-09,154791,279
2009-07-10,24668,79
2009-07-11,,
2009-07-12,222582,472
2009-07-13,179874,424
2009-07-14,126248,302
2009-07-15,141913,139
2009-07-16,77366,212
2009-07-17,,
2009-07-18,,
2009-07-19,125104,102
2009-07-20,110464,294
2009-07-21,44161,125
2009-07-22,209117,439
2009-07-23,,
2009-07-24,221062,398
2009-07-25,,
2009-07-26,,
2009-07-27,181065,497
2009-07-28,421404,766
2009-07-29,,
2009-07-30,,
2009-07-31,68269,134
2009-08-01,,
2009-08-02,101331,452
2009-08-03,21320,57
2009-08-04,,
2009-08-05,152600,305
2009-08-06,32185,41
2009-08-07,64844,142
2009-08-08,354992,728
2009-08-09,,
2009-08-10,112244,209
2009-08-11,237929,330
2009-08-12,87788,250
2009-08-13,235544,604
2009-08-14,17661,33
2009-08-15,63690,68
2009-08-16,174397,236
2009-08-17,,
2009-08-18,81570,138
2009-08-19,403030,614
2009-08-20,84498,126
2009-08-21,142358,354
2009-08-22,103151,220
2009-08-23,467276,528
2009-08-24,150895,228
2009-08-25,55015,88
2009-08-26,293273,288
2009-08-27,58463,165
2009-08-28,169199,628
2009-08-29,136832,207
2009-08-30,458448,1102
2009-08-31,,
2009-09-01,26133,74
2009-09-02,129326,338
2009-09-03,138527,279
2009-09-04,65655,121
2009-09-05,,
2009-09-06,54833,105
2009-09-07,688797,1749
2009-09-08,210040,595
2009-09-09,59918,97
2009-09-10,74964,96
2009-09-11,99834,198
2009-09-12,11644,44
2009-09-13,124594,223
2009-09-14,50596,129
2009-09-15,881876,1291
2009-09-16,541356,706
2009-09-17,,
2009-09-18,189224,404
2009-09-19,76978,173
2009-09-20,616142,1085
2009-09-21,665444,1072
2009-09-22,78610,107
2009-09-23,148224,356
2009-09-24,379370,407
2009-09-25,44306,93
2009-09-26,128708,222
2009-09-27,131599,294
2009-09-28,430705,873
2009-09-29,231824,521
2009-09-30,191798,348
2009-10-01,88944,200
2009-10-02,145606,256
2009-10-03,111662,166
2009-10-04,170738,233
2009-10-05,80901,188
2009-10-06,76566,124
2009-10-07,256716,522
2009-10-08,164656,567
2009-10-09,114791,218
2009-10-10,127382,379
2009-10-11,22249,40
2009-10-12,158653,194
2009-10-13,121755,205
2009-10-14,84294,162
2009-10-15,1272803,1707
2009-10-16,106741,144
2009-10-17,167887,407
2009-10-18,,
2009-10-19,,
2009-10-20,63056,97
2009-10-21,255297,468
2009-10-22,57433,107
2009-10-23,165147,257
2009-10-24,122906,212
2009-10-25,641201,689
2009-10-26,559614,1232
2009-10-27,432182,789
2009-10-28,149311,192
2009-10-29,492058,621
2009-10-30,171539,348
2009-10-31,167081,318
2009-11-01,67082,160
2009-11-02,255554,423
2009-11-03,109592,181
2009-11-04,170924,139
2009-11-05,32036,51
2009-11-06,1510176,2396
2009-11-07,162442,224
2009-11-08,414544,653
2009-11-09,159878,223
2009-11-10,,
2009-11-11,363921,480
2009-11-12,180620,358
2009-11-13,150776,312
2009-11-14,432442,610
2009-11-15,66931,107
2009-11-16,127619,219
2009-11-17,187156,176
2009-11-18,169990,310
2009-11-19,,
2009-11-20,26845,56
2009-11-21,150238,289
2009-11-22,,
2009-11-23,,
2009-11-24,18561,36
2009-11-25,36403,79
2009-11-26,48061,112
2009-11-27,215520,422
2009-11-28,192295,381
2009-11-29,162873,374
2009-11-30,94691,185
2009-12-01,195699,416
2009-12-02,215790,378
2009-12-03,117959,193
2009-12-04,76626,140
2009-12-05,,
2009-12-06,,
2009-12-07,85759,213
2009-12-08,374121,657
2009-12-09,,
2009-12-10,153359,269
2009-12-11,226387,577
2009-12-12,398911,856
2009-12-13,221865,427
2009-12-14,436155,1085
2009-12-15,651085,991
2009-12-16,,
2009-12-17,46078,90
2009-12-18,,
2009-12-19,20736,73
2009-12-20,450190,1102
2009-12-21,279233,393
2009-12-22,28305,86
2009-12-23,18577,48
2009-12-24,41655,101
2009-12-25,152819,52
2009-12-26,77320,153
2009-12-27,361268,360
2009-12-28,147575,295
2009-12-29,59951,222
2009-12-30,252748,546
2009-12-31,999567,1871
2010-01-01,26952,105
2010-01-02,338402,398
2010-01-03,74251,210
2010-01-04,29613,114
2010-01-05,110167,271
2010-01-06,316790,518
2010-01-07,77589,294
2010-01-08,339456,535
2010-01-09,324759,508
2010-01-10,92779,202
2010-01-11,,
2010-01-12,871670,999
2010-01-13,197138,505
2010-01-14,344538,964
2010-01-15,42922,68
2010-01-16,223278,386
2010-01-17,93194,225
2010-01-18,112705,242
2010-01-19,338024,598
2010-01-20,442967,552
2010-01-21,85782,173
2010-01-22,,
2010-01-23,62473,68
2010-01-24,35740,87
2010-01-25,,
2010-01-26,43492,80
2010-01-27,91695,157
2010-01-28,773260,532
2010-01-29,192105,503
2010-01-30,1166498,2489
2010-01-31,56088,112
2010-02-01,58889,86
2010-02-02,154138,302
2010-02-03,107882,236
2010-02-04,150764,261
2010-02-05,24197,77
2010-02-06,155414,220
2010-02-07,145947,307
2010-02-08,,
2010-02-09,,
2010-02-10,107328,203
2010-02-11,29232,50
2010-02-12,,
2010-02-13,1153450,609
2010-02-14,163660,261
2010-02-15,217410,441
2010-02-16,48003,93
2010-02-17,85118,214
2010-02-18,79514,155
2010-02-19,318517,500
2010-02-20,53901,153
2010-02-21,92497,183
2010-02-22,308356,558
2010-02-23,155786,269
2010-02-24,52932,127
2010-02-25,326443,562
2010-02-26,,
2010-02-27,,
2010-02-28,,
2010-03-01,73313,125
2010-03-02,338884,698
2010-03-03,,
2010-03-04,165324,320
2010-03-05,,
2010-03-06,165453,194
2010-03-07,,
2010-03-08,,
2010-03-09,,
2010-03-10,,
2010-03-11,,
2010-03-12,45594,124
2010-03-13,150351,386
2010-03-14,3842,11
2010-03-15,66578,180
2010-03-16,432967,526
2010-03-17,93488,210
2010-03-18,31286,68
2010-03-19,150542,276
2010-03-20,367641,558
2010-03-21,99668,256
2010-03-22,289578,354
2010-03-23,271324,673
2010-03-24,346992,463
2010-03-25,49443,159
2010-03-26,417965,914
2010-03-27,1360931,3099
2010-03-28,144705,370
2010-03-29,118616,245
2010-03-30,142119,350
2010-03-31,459425,790
2010-04-01,102493,180
2010-04-02,243720,505
2010-04-03,5148,14
2010-04-04,86523,179
2010-04-05,74817,118
2010-04-06,122572,228
2010-04-07,134876,252
2010-04-08,42165,90
2010-04-09,188977,362
2010-04-10,96790,143
2010-04-11,,
2010-04-12,40726,52
2010-04-13,113039,305
2010-04-14,70349,124
2010-04-15,178223,318
2010-04-16,599968,572
2010-04-17,470047,899
2010-04-18,103914,131
2010-04-19,461870,537
2010-04-20,223574,296
2010-04-21,223059,314
2010-04-22,66365,122
2010-04-23,,
2010-04-24,,
2010-04-25,20803,42
2010-04-26,94919,160
2010-04-27,142435,301
2010-04-28,307478,265
2010-04-29,40368,82
2010-04-30,300520,428
2010-05-01,180540,259
2010-05-02,22546,76
2010-05-03,54786,70
2010-05-04,53225,101
2010-05-05,,
2010-05-06,202652,304
2010-05-07,41478,115
2010-05-08,80642,142
2010-05-09,113120,176
2010-05-10,317089,653
2010-05-11,78485,304
2010-05-12,203689,378
2010-05-13,848300,1969
2010-05-14,296254,570
2010-05-15,118907,199
2010-05-16,486059,638
2010-05-17,,
2010-05-18,102096,206
2010-05-19,349752,503
2010-05-20,,
2010-05-21,,
2010-05-22,95204,202
2010-05-23,161541,427
2010-05-24,,
2010-05-25,239401,290
2010-05-26,328454,376
2010-05-27,228858,353
2010-05-28,191331,332
2010-05-29,6151,18
2010-05-30,144742,278
2010-05-31,219954,574
2010-06-01,57634,153
2010-06-02,77821,149
2010-06-03,44896,111
2010-06-04,58029,134
2010-06-05,284669,595
2010-06-06,23872,75
2010-06-07,9217,20
2010-06-08,366050,552
2010-06-09,30798,86
2010-06-10,63732,134
2010-06-11,64140,120
2010-06-12,687079,836
2010-06-13,57115,80
2010-06-14,101323,430
2010-06-15,259558,317
2010-06-16,,
2010-06-17,230027,399
2010-06-18,334546,354
2010-06-19,101769,126
2010-06-20,219962,476
2010-06-21,31485,74
2010-06-22,178466,268
2010-06-23,112750,166
2010-06-24,215942,314
2010-06-25,168373,290
2010-06-26,299480,427
2010-06-27,114357,182
2010-06-28,,
2010-06-29,53832,118
2010-06-30,67432,145
2010-07-01,356797,504
2010-07-02,98207,123
2010-07-03,36288,95
2010-07-04,69819,106
2010-07-05,220064,289
2010-07-06,411336,464
2010-07-07,68970,165
2010-07-08,347564,519
2010-07-09,113994,200
2010-07-10,,
2010-07-11,200919,294
2010-07-12,269976,213
2010-07-13,63020,136
2010-07-14,199488,366
2010-07-15,54338,116
2010-07-16,92157,186
2010-07-17,142141,376
2010-07-18,,
2010-07-19,213728,525
2010-07-20,65556,131
2010-07-21,39343,68
2010-07-22,49213,99
2010-07-23,101591,282
2010-07-24,153639,270
2010-07-25,98153,288
2010-07-26,129716,196
2010-07-27,449517,405
2010-07-28,207522,439
2010-07-29,178052,344
2010-07-30,421165,590
2010-07-31,298799,521
2010-08-01,57733,146
2010-08-02,128358,354
2010-08-03,206895,526
2010-08-04,17281,39
2010-08-05,52297,132
2010-08-06,41462,92
2010-08-07,60394,151
2010-08-08,118545,196
2010-08-09,112998,268
2010-08-10,180410,250
2010-08-11,94289,164
2010-08-12,87548,209
2010-08-13,79934,126
2010-08-14,152812,229
2010-08-15,67716,161
2010-08-16,165228,316
2010-08-17,253644,380
2010-08-18,155540,239
2010-08-19,96107,263
2010-08-20,315647,530
2010-08-21,237683,411
2010-08-22,70761,170
2010-08-23,131817,232
2010-08-24,128723,228
2010-08-25,282015,633
2010-08-26,424720,586
2010-08-27,46582,117
2010-08-28,41625,108
2010-08-29,54936,111
2010-08-30,138606,299
2010-08-31,,
2010-09-01,37226,71
2010-09-02,71982,190
2010-09-03,115571,191
2010-09-04,6137,35
2010-09-05,495016,684
2010-09-06,84074,198
2010-09-07,53258,131
2010-09-08,259683,341
2010-09-09,25520,67
2010-09-10,66063,72
2010-09-11,170737,281
2010-09-12,29753,126
2010-09-13,37222,104
2010-09-14,166390,260
2010-09-15,109470,211
2010-09-16,69971,159
2010-09-17,69852,174
2010-09-18,38717,74
2010-09-19,61976,133
2010-09-20,93968,181
2010-09-21,223288,449
2010-09-22,,
2010-09-23,110190,266
2010-09-24,27138,84
2010-09-25,124592,187
2010-09-26,82784,190
2010-09-27,94336,316
2010-09-28,208382,307
2010-09-29,55649,145
2010-09-30,85486,290
2010-10-01,103349,224
2010-10-02,,
2010-10-03,102327,193
2010-10-04,19942,67
2010-10-05,36172,89
2010-10-06,708928,869
2010-10-07,151001,344
2010-10-08,48944,76
2010-10-09,36739,76
2010-10-10,32194,96
2010-10-11,27636,64
2010-10-12,192139,412
2010-10-13,99126,207
2010-10-14,206198,392
2010-10-15,33063,89
2010-10-16,78307,224
2010-10-17,,
2010-10-18,87956,202
2010-10-19,,
2010-10-20,30607,88
2010-10-21,376760,630
2010-10-22,296739,441
2010-10-23,88668,210
2010-10-24,258756,396
2010-10-25,179924,313
2010-10-26,,
2010-10-27,61836,110
2010-10-28,5680,42
2010-10-29,,
2010-10-30,384256,678
2010-10-31,134734,286
2010-11-01,51916,116
2010-11-02,136340,268
2010-11-03,36035,92
2010-11-04,,
2010-11-05,58077,189
2010-11-06,204878,384
2010-11-07,189102,290
2010-11-08,98837,253
2010-11-09,79030,203
2010-11-10,99919,200
2010-11-11,173364,475
2010-11-12,145459,183
2010-11-13,84743,224
2010-11-14,172215,330
2010-11-15,44073,86
2010-11-16,14060,52
2010-11-17,142089,206
2010-11-18,53332,276
2010-11-19,158144,328
2010-11-20,32546,134
2010-11-21,96080,168
2010-11-22,85593,213
2010-11-23,213197,390
2010-11-24,45472,155
2010-11-25,316478,263
2010-11-26,,
2010-11-27,53810,87
2010-11-28,101282,279
2010-11-29,851464,610
2010-11-30,27155,59
2010-12-01,77323,239
2010-12-02,67802,666
2010-12-03,123841,277
2010-12-04,59202,198
2010-12-05,111626,319
2010-12-06,129006,450
2010-12-07,83782,188
2010-12-08,170448,269
2010-12-09,86820,205
2010-12-10,145281,240
2010-12-11,48692,140
2010-12-12,26762,95
2010-12-13,23043,68
2010-12-14,122202,237
2010-12-15,87351,282
2010-12-16,191511,201
2010-12-17,7761,23
2010-12-18,96644,188
2010-12-19,100689,176
2010-12-20,170696,411
2010-12-21,18248,77
2010-12-22,88102,193
2010-12-23,14137,41
2010-12-24,70206,140
2010-12-25,74569,221
2010-12-26,85032,152
2010-12-27,161173,425
2010-12-28,81427,231
2010-12-29,108728,293
2010-12-30,66223,184
2010-12-31,87772,239
2011-01-01,18737,107
2011-01-02,29354,96
2011-01-03,43544,159
2011-01-04,92578,245
2011-01-05,56052,161
2011-01-06,119412,202
2011-01-07,126993,56
2011-01-08,63609,114
2011-01-09,128636,292
2011-01-10,149042,334
2011-01-11,58093,120
2011-01-12,154430,298
2011-01-13,55207,152
2011-01-14,119818,251
2011-01-15,50325,149
2011-01-16,58590,156
2011-01-17,21214,71
2011-01-18,105271,258
2011-01-19,52996,150
2011-01-20,50358,126
2011-01-21,21127,124
2011-01-22,50718,112
2011-01-23,11849,29
2011-01-24,112375,159
2011-01-25,110068,245
2011-01-26,,
2011-01-27,11889,29
2011-01-28,103706,272
2011-01-29,105510,174
2011-01-30,118634,261
2011-01-31,243026,322
2011-02-01,152268,297
2011-02-02,10282,20
2011-02-03,63452,190
2011-02-04,117835,149
2011-02-05,71399,175
2011-02-06,158059,251
2011-02-07,198742,370
2011-02-08,108606,248
2011-02-09,51132,113
2011-02-10,84007,199
2011-02-11,76305,149
2011-02-12,150671,380
2011-02-13,37839,83
2011-02-14,49495,88
2011-02-15,138458,182
2011-02-16,,
2011-02-17,105805,286
2011-02-18,124257,387
2011-02-19,377388,810
2011-02-20,,
2011-02-21,34213,63
2011-02-22,57930,96
2011-02-23,75278,206
2011-02-24,15452,47
2011-02-25,47809,126
2011-02-26,164953,239
2011-02-27,51443,114
2011-02-28,86593,177
2011-03-01,65274,128
2011-03-02,13855,38
2011-03-03,41062,107
2011-03-04,61164,118
2011-03-05,174372,288
2011-03-06,116104,210
2011-03-07,73510,141
2011-03-08,54466,92
2011-03-09,22008,68
2011-03-10,72044,150
2011-03-11,100441,172
2011-03-12,105858,195
2011-03-13,53546,134
2011-03-14,108694,172
2011-03-15,94966,170
2011-03-16,68661,176
2011-03-17,36706,106
2011-03-18,44556,120
2011-03-19,32144,136
2011-03-20,128695,255
2011-03-21,319273,535
2011-03-22,100382,243
2011-03-23,116641,195
2011-03-24,85476,187
2011-03-25,111171,340
2011-03-26,94806,230
2011-03-27,57990,148
2011-03-28,38060,91
2011-03-29,70627,144
2011-03-30,170172,295
2011-03-31,41761,88
2011-04-01,135025,420
2011-04-02,117843,314
2011-04-03,107053,214
2011-04-04,42404,124
2011-04-05,124414,220
2011-04-06,,
2011-04-07,98521,199
2011-04-08,59506,150
2011-04-09,75966,200
2011-04-10,18308,64
2011-04-11,62856,175
2011-04-12,67693,154
2011-04-13,176579,446
2011-04-14,69789,231
2011-04-15,379203,498
2011-04-16,120325,270
2011-04-17,62477,133
2011-04-18,149901,302
2011-04-19,78425,158
2011-04-20,31645,102
2011-04-21,75855,178
2011-04-22,49513,79
2011-04-23,105804,263
2011-04-24,99723,227
2011-04-25,52496,145
2011-04-26,48928,128
2011-04-27,105897,246
2011-04-28,445322,851
2011-04-29,93461,204
2011-04-30,30371,89
2011-05-01,62256,201
2011-05-02,48473,137
2011-05-03,44670,45
2011-05-04,70242,190
2011-05-05,111724,267
2011-05-06,80321,207
2011-05-07,152842,418
2011-05-08,104232,230
2011-05-09,58351,227
2011-05-10,15538,58
2011-05-11,108566,179
2011-05-12,58268,151
2011-05-13,58714,190
2011-05-14,36115,79
2011-05-15,68084,251
2011-05-16,26952,72
2011-05-17,22850,128
2011-05-18,68938,176
2011-05-19,46255,130
2011-05-20,86868,202
2011-05-21,25609,75
2011-05-22,63610,83
2011-05-23,60580,109
2011-05-24,49219,155
2011-05-25,77353,184
2011-05-26,67188,175
2011-05-27,47810,134
2011-05-28,49431,100
2011-05-29,68352,160
2011-05-30,50788,157
2011-05-31,45441,115
2011-06-01,26068,62
2011-06-02,71618,182
2011-06-03,87589,282
2011-06-04,42269,97
2011-06-05,53066,131
2011-06-06,67653,164
2011-06-07,57084,147
2011-06-08,74678,172
2011-06-09,93687,393
2011-06-10,64878,196
2011-06-11,90565,193
2011-06-12,50911,136
2011-06-13,74335,161
2011-06-14,92047,203
2011-06-15,25246,75
2011-06-16,36811,116
2011-06-17,5365,23
2011-06-18,77952,142
2011-06-19,104762,183
2011-06-20,97908,198
2011-06-21,35510,84
2011-06-22,51802,145
2011-06-23,36698,84
2011-06-24,52871,110
2011-06-25,71120,174
2011-06-26,74199,150
2011-06-27,40850,92
2011-06-28,94160,146
2011-06-29,67818,194
2011-06-30,38007,143
2011-07-01,124242,258
2011-07-02,54553,149
2011-07-03,116551,239
2011-07-04,18139,33
2011-07-05,43668,128
2011-07-06,60694,183
2011-07-07,44061,115
2011-07-08,94210,177
2011-07-09,58447,154
2011-07-10,12840,54
2011-07-11,75133,145
2011-07-12,77112,185
2011-07-13,80447,171
2011-07-14,38572,98
2011-07-15,66623,208
2011-07-16,43211,107
2011-07-17,50782,144
2011-07-18,85062,182
2011-07-19,58194,147
2011-07-20,67218,140
2011-07-21,18320,68
2011-07-22,54812,149
2011-07-23,50296,92
2011-07-24,70454,170
2011-07-25,50260,157
2011-07-26,38074,145
2011-07-27,63669,173
2011-07-28,55067,126
2011-07-29,164486,258
2011-07-30,68204,179
2011-07-31,47599,92
2011-08-01,65280,166
2011-08-02,109142,185
2011-08-03,86550,160
2011-08-04,82955,278
2011-08-05,169873,194
2011-08-06,18719,64
2011-08-07,116597,220
2011-08-08,85083,184
2011-08-09,99556,166
2011-08-10,113840,168
2011-08-11,136566,283
2011-08-12,63832,138
2011-08-13,52473,99
2011-08-14,92780,144
2011-08-15,51038,166
2011-08-16,60789,171
2011-08-17,84050,171
2011-08-18,39978,106
2011-08-19,25033,85
2011-08-20,191413,227
2011-08-21,23228,53
2011-08-22,37729,69
2011-08-23,37632,90
2011-08-24,105831,134
2011-08-25,47330,105
2011-08-26,48228,92
2011-08-27,39706,96
2011-08-28,26082,85
2011-08-29,46676,91
2011-08-30,37112,80
2011-08-31,70669,204
2011-09-01,103599,195
2011-09-02,71035,181
2011-09-03,98971,219
2011-09-04,45020,128
2011-09-05,56862,125
2011-09-06,112934,179
2011-09-07,135056,185
2011-09-08,22572,58
2011-09-09,153332,235
2011-09-10,21441,62
2011-09-11,57670,156
2011-09-12,10119,40
2011-09-13,45486,88
2011-09-14,22071,78
2011-09-15,97584,160
2011-09-16,156672,226
2011-09-17,109067,230
2011-09-18,39049,110
2011-09-19,52537,148
2011-09-20,76875,135
2011-09-21,271337,610
2011-09-22,78408,167
2011-09-23,30549,100
2011-09-24,35992,96
2011-09-25,55134,177
2011-09-26,91191,273
2011-09-27,,
2011-09-28,24234,87
2011-09-29,94886,179
2011-09-30,40608,142
2011-10-01,52865,167
2011-10-02,38335,96
2011-10-03,140098,189
2011-10-04,137295,368
2011-10-05,73473,120
2011-10-06,71458,128
2011-10-07,42941,71
2011-10-08,68453,151
2011-10-09,19346,53
2011-10-10,75988,105
2011-10-11,16727,64
2011-10-12,121172,228
2011-10-13,75819,168
2011-10-14,109502,293
2011-10-15,81507,190
2011-10-16,35257,102
2011-10-17,132382,175
2011-10-18,52130,157
2011-10-19,150951,245
2011-10-20,111417,236
2011-10-21,75856,147
2011-10-22,84029,162
2011-10-23,115405,210
2011-10-24,108021,182
2011-10-25,40672,128
2011-10-26,70804,192
2011-10-27,101547,125
2011-10-28,80430,136
2011-10-29,22634,67
2011-10-30,67396,200
2011-10-31,102718,123
2011-11-01,115839,168
2011-11-02,63122,158
2011-11-03,22429,59
2011-11-04,253308,547
2011-11-05,36378,115
2011-11-06,55489,157
2011-11-07,36747,92
2011-11-08,131432,257
2011-11-09,,
2011-11-10,57702,113
2011-11-11,53384,166
2011-11-12,9502,24
2011-11-13,520465,398
2011-11-14,94655,173
2011-11-15,82844,212
2011-11-16,139916,137
2011-11-17,123310,110
2011-11-18,163142,197
2011-11-19,47445,109
2011-11-20,37041,136
2011-11-21,37398,84
2011-11-22,61560,142
2011-11-23,70200,160
2011-11-24,37274,88
2011-11-25,284126,313
2011-11-26,45268,102
2011-11-27,190629,228
2011-11-28,59006,155
2011-11-29,109000,181
2011-11-30,15481,63
2011-12-01,45098,116
2011-12-02,96650,200
2011-12-03,39361,95
2011-12-04,132708,324
2011-12-05,50231,121
2011-12-06,4290,64
2011-12-07,90296,190
2011-12-08,138236,294
2011-12-09,194089,220
2011-12-10,21066,76
2011-12-11,111470,229
2011-12-12,22566,67
2011-12-13,51226,171
2011-12-14,43436,79
2011-12-15,72896,163
2011-12-16,21485,78
2011-12-17,34722,104
2011-12-18,68990,95
2011-12-19,123325,257
2011-12-20,59699,151
2011-12-21,93918,179
2011-12-22,59114,127
2011-12-23,84047,177
2011-12-24,135915,207
2011-12-25,101768,201
2011-12-26,53899,95
2011-12-27,21702,90
2011-12-28,27546,77
2011-12-29,70561,162
2011-12-30,27725,134
2011-12-31,29151,89
2012-01-01,135336,205
2012-01-02,64052,136
2012-01-03,66003,188
2012-01-04,43625,133
2012-01-05,102657,198
2012-01-06,26886,101
2012-01-07,6263,11
2012-01-08,43786,154
2012-01-09,88443,195
2012-01-10,49472,105
2012-01-11,46648,104
2012-01-12,101202,137
2012-01-13,131689,142
2012-01-14,155363,287
2012-01-15,101972,164
2012-01-16,107524,182
2012-01-17,61307,133
2012-01-18,145587,224
2012-01-19,99919,178
2012-01-20,59212,158
2012-01-21,299154,393
2012-01-22,78446,52
2012-01-23,54594,115
2012-01-24,72044,178
2012-01-25,42859,100
2012-01-26,10644,31
2012-01-27,89582,178
2012-01-28,259507,508
2012-01-29,30542,65
2012-01-30,49904,133
2012-01-31,52486,114
2012-02-01,103099,217
2012-02-02,50676,71
2012-02-03,66491,158
2012-02-04,60383,114
2012-02-05,77928,259
2012-02-06,22944,74
2012-02-07,63397,154
2012-02-08,67742,120
2012-02-09,49803,61
2012-02-10,19390,93
2012-02-11,73432,123
2012-02-12,41870,82
2012-02-13,72970,204
2012-02-14,37840,69
2012-02-15,83878,174
2012-02-16,154061,283
2012-02-17,56845,225
2012-02-18,41819,100
2012-02-19,57492,136
2012-02-20,18216,91
2012-02-21,39011,111
2012-02-22,43987,107
2012-02-23,17307,47
2012-02-24,33655,67
2012-02-25,46796,103
2012-02-26,65136,152
2012-02-27,83215,141
2012-02-28,42200,105
2012-02-29,46437,96
2012-03-01,16534,35
2012-03-02,179378,266
2012-03-03,86265,221
2012-03-04,36690,71
2012-03-05,36572,74
2012-03-06,109973,208
2012-03-07,105999,162
2012-03-08,19606,60
2012-03-09,51067,124
2012-03-10,92537,177
2012-03-11,62600,121
2012-03-12,31314,73
2012-03-13,107880,173
2012-03-14,90593,216
2012-03-15,93664,130
2012-03-16,59728,135
2012-03-17,120752,120
2012-03-18,47516,115
2012-03-19,110589,220
2012-03-20,49542,73
2012-03-21,10619,30
2012-03-22,46613,64
2012-03-23,23258,67
2012-03-24,187107,117
2012-03-25,30342,84
2012-03-26,36045,78
2012-03-27,64956,142
2012-03-28,39528,45
2012-03-29,38550,71
2012-03-30,88694,242
2012-03-31,60168,133
2012-04-01,51043,109
2012-04-02,124779,126
2012-04-03,60918,149
2012-04-04,83392,156
2012-04-05,29880,66
2012-04-06,89503,102
2012-04-07,103653,209
2012-04-08,68273,167
2012-04-09,107525,197
2012-04-10,113956,230
2012-04-11,36265,79
2012-04-12,11255,24
2012-04-13,115902,131
2012-04-14,44380,124
2012-04-15,26835,41
2012-04-16,22142,54
2012-04-17,20461,54
2012-04-18,27570,53
2012-04-19,29158,83
2012-04-20,48992,94
2012-04-21,65369,98
2012-04-22,61201,104
2012-04-23,27035,54
2012-04-24,48833,78
2012-04-25,61587,92
2012-04-26,74348,131
2012-04-27,82424,229
2012-04-28,31935,80
2012-04-29,45283,62
2012-04-30,26344,53
2012-05-01,64342,128
2012-05-02,71459,128
2012-05-03,137515,197
2012-05-04,32718,66
2012-05-05,23664,65
2012-05-06,31385,42
2012-05-07,18186,42
2012-05-08,60478,138
2012-05-09,28378,90
2012-05-10,62071,96
2012-05-11,21197,50
2012-05-12,51147,95
2012-05-13,6676,40
2012-05-14,66365,146
2012-05-15,33944,69
2012-05-16,141429,108
2012-05-17,66405,129
2012-05-18,50001,106
2012-05-19,43645,73
2012-05-20,33484,54
2012-05-21,78613,127
2012-05-22,65381,133
2012-05-23,97423,188
2012-05-24,56708,138
2012-05-25,74291,121
2012-05-26,85053,171
2012-05-27,26595,61
2012-05-28,16364,53
2012-05-29,67437,146
2012-05-30,60892,115
2012-05-31,32973,55
2012-06-01,41346,75
2012-06-02,38576,100
2012-06-03,78259,156
2012-06-04,37766,70
2012-06-05,38878,85
2012-06-06,44217,109
2012-06-07,55373,102
2012-06-08,31627,58
2012-06-09,19307,74
2012-06-10,35032,46
2012-06-11,197231,258
2012-06-12,82935,167
2012-06-13,125950,184
2012-06-14,26864,58
2012-06-15,124130,168
2012-06-16,97454,144
2012-06-17,27732,65
2012-06-18,53963,82
2012-06-19,42104,58
2012-06-20,16340,43
2012-06-21,24658,73
2012-06-22,21013,51
2012-06-23,21785,58
2012-06-24,26789,66
2012-06-25,20760,52
2012-06-26,31469,56
2012-06-27,33354,80
2012-06-28,52507,99
2012-06-29,52708,110
2012-06-30,49790,101
2012-07-01,21538,55
2012-07-02,35981,96
2012-07-03,65253,143
2012-07-04,27582,65
2012-07-05,47616,62
2012-07-06,41866,95
2012-07-07,196318,190
2012-07-08,57370,108
2012-07-09,38841,72
2012-07-10,77022,138
2012-07-11,96955,147
2012-07-12,79049,51
2012-07-13,40777,116
2012-07-14,60336,97
2012-07-15,36314,87
2012-07-16,93449,97
2012-07-17,43762,119
2012-07-18,67116,112
2012-07-19,65228,128
2012-07-20,53125,116
2012-07-21,25033,55
2012-07-22,27612,46
2012-07-23,91552,75
2012-07-24,71791,101
2012-07-25,26833,59
2012-07-26,91915,152
2012-07-27,95026,116
2012-07-28,45587,90
2012-07-29,56956,109
2012-07-30,26951,57
2012-07-31,64319,142
2012-08-01,56624,133
2012-08-02,54342,96
2012-08-03,47959,89
2012-08-04,40937,101
2012-08-05,53756,147
2012-08-06,45042,78
2012-08-07,72591,102
2012-08-08,43653,83
2012-08-09,17051,43
2012-08-10,29537,59
2012-08-11,45031,102
2012-08-12,39985,108
2012-08-13,74329,132
2012-08-14,98558,133
2012-08-15,62811,80
2012-08-16,37555,88
2012-08-17,80760,207
2012-08-18,60210,132
2012-08-19,113256,158
2012-08-20,41935,79
2012-08-21,35352,64
2012-08-22,70375,155
2012-08-23,35147,80
2012-08-24,17988,44
2012-08-25,38286,90
2012-08-26,86226,77
2012-08-27,122586,241
2012-08-28,16987,78
2012-08-29,57618,121
2012-08-30,18799,56
2012-08-31,36788,67
2012-09-01,44165,84
2012-09-02,35863,73
2012-09-03,35267,85
2012-09-04,70884,127
2012-09-05,47245,101
2012-09-06,150545,108
2012-09-07,43465,72
2012-09-08,57467,95
2012-09-09,32942,59
2012-09-10,110287,175
2012-09-11,47465,90
2012-09-12,48771,65
2012-09-13,44754,80
2012-09-14,118298,142
2012-09-15,25464,59
2012-09-16,46006,80
2012-09-17,30433,53
2012-09-18,35634,72
2012-09-19,56458,83
2012-09-20,25626,70
2012-09-21,43816,70
2012-09-22,31270,69
2012-09-23,90442,115
2012-09-24,76521,135
2012-09-25,45375,94
2012-09-26,24302,55
2012-09-27,56874,94
2012-09-28,42038,82
2012-09-29,70069,97
2012-09-30,47861,100
2012-10-01,79116,123
2012-10-02,38238,67
2012-10-03,62253,102
2012-10-04,16040,32
2012-10-05,64646,132
2012-10-06,31773,68
2012-10-07,45026,85
2012-10-08,66678,107
2012-10-09,59228,88
2012-10-10,76772,144
2012-10-11,30585,73
2012-10-12,23007,62
2012-10-13,54046,93
2012-10-14,32010,67
2012-10-15,84038,86
2012-10-16,26693,57
2012-10-17,33768,67
2012-10-18,22393,48
2012-10-19,59926,75
2012-10-20,35245,68
2012-10-21,14274,36
2012-10-22,41206,84
2012-10-23,43780,84
2012-10-24,40910,67
2012-10-25,48572,66
2012-10-26,82723,146
2012-10-27,62360,74
2012-10-28,12027,24
2012-10-29,47360,75
2012-10-30,76954,113
2012-10-31,45215,87
2012-11-01,32796,56
2012-11-02,32181,71
2012-11-03,43077,72
2012-11-04,67454,149
2012-11-05,49790,114
2012-11-06,32932,72
2012-11-07,55724,82
2012-11-08,69543,112
2012-11-09,36194,72
2012-11-10,51233,99
2012-11-11,29278,38
2012-11-12,27859,61
2012-11-13,45217,86
2012-11-14,29014,68
2012-11-15,22161,41
2012-11-16,34764,63
2012-11-17,53637,59
2012-11-18,43687,76
2012-11-19,30574,55
2012-11-20,48750,84
2012-11-21,7912,21
2012-11-22,23056,49
2012-11-23,74713,140
2012-11-24,49391,68
2012-11-25,75085,134
2012-11-26,31153,63
2012-11-27,17942,39
2012-11-28,107683,110
2012-11-29,58089,86
2012-11-30,43818,70
2012-12-01,28096,42
2012-12-02,25463,42
2012-12-03,28227,62
2012-12-04,52326,89
2012-12-05,32540,74
2012-12-06,32678,73
2012-12-07,36570,74
2012-12-08,34086,69
2012-12-09,99619,99
2012-12-10,31709,56
2012-12-11,88297,105
2012-12-12,39453,56
2012-12-13,39497,57
2012-12-14,52722,74
2012-12-15,24633,47
2012-12-16,72518,104
2012-12-17,23432,41
2012-12-18,19075,41
2012-12-19,61551,70
2012-12-20,36597,79
2012-12-21,37538,70
2012-12-22,55514,102
2012-12-23,55021,112
2012-12-24,49082,67
2012-12-25,44286,62
2012-12-26,32583,75
2012-12-27,38594,84
2012-12-28,36028,59
2012-12-29,31299,73
2012-12-30,61023,89
2012-12-31,50763,95
2013-01-01,25540,69
2013-01-02,38751,78
2013-01-03,54263,80
2013-01-04,37146,87
2013-01-05,52272,104
2013-01-06,35792,61
2013-01-07,32707,62
2013-01-08,29011,59
2013-01-09,30306,75
2013-01-10,35320,38
2013-01-11,12549,28
2013-01-12,32456,59
2013-01-13,11554,38
2013-01-14,32555,58
2013-01-15,13677,38
2013-01-16,47450,82
2013-01-17,50450,66
2013-01-18,39034,69
2013-01-19,22793,46
2013-01-20,34656,63
2013-01-21,44840,88
2013-01-22,36251,107
2013-01-23,49421,84
2013-01-24,46935,80
2013-01-25,13327,45
2013-01-26,43106,74
2013-01-27,39720,91
2013-01-28,37927,79
2013-01-29,68946,77
2013-01-30,24286,49
2013-01-31,29514,55
2013-02-01,38027,54
2013-02-02,58902,114
2013-02-03,29422,56
2013-02-04,26025,50
2013-02-05,17808,41
2013-02-06,26046,58
2013-02-07,19373,42
2013-02-08,18254,36
2013-02-09,29739,60
2013-02-10,11037,24
2013-02-11,15707,35
2013-02-12,27707,57
2013-02-13,24008,56
2013-02-14,28822,79
2013-02-15,25146,62
2013-02-16,14187,44
2013-02-17,30995,58
2013-02-18,21164,43
2013-02-19,19181,44
2013-02-20,30234,68
2013-02-21,21028,43
2013-02-22,20675,45
2013-02-23,23052,53
